Name,Gender
ابتسام,F
ابتهاج,F
ابتهال,F
اجتهاد,F
ازدهار,F
اعتدال,F
اعتماد,F
افتخار,F
افتكار,F
البتول,F
البندري,F
الجازي,F
الجوري,F
الجوهرة,F
الريم,F
العنود,F
الهنوف,F
امتثال,F
امتياز,F
انبهاج,F
انتصار,F
انتظار,F
انسجام,F
انشراح,F
انشراف,F
آلاء,F
آمال,F
آمنة,F
آيات,F
آية,F
أبرار,F
أثير,F
أثيل,F
أحلام,F
أرجوان,F
أروى,F
أريام,F
أريج,F
أزهار,F
أسارير,F
أسرار,F
أسماء,F
أسمى,F
أسيل,F
أشجان,F
أطياف,F
أغاريد,F
أفراح,F
أفكار,F
أفنان,F
ألطاف,F
ألفت,F
أم كلثوم,F
أمارة,F
أمال,F
أمامة,F
أماني,F
أمجاد,F
أمل,F
أمنية,F
أمواج,F
أميرة,F
أميمة,F
أمينة,F
أنسام,F
أنغام,F
أنهار,F
أنوار,F
أنيسة,F
أوصاف,F
إباء,F
إجلال,F
إحسان,F
إخلاص,F
إدراك,F
إسراء,F
إسعاد,F
إصلاح,F
إعزاز,F
إقبال,F
إقدام,F
إكليل,F
إنصاف,F
إنعام,F
إيثار,F
إيمان,F
إيناس,F
بائقة,F
بادرة,F
بارزة,F
بارعة,F
باركة,F
بارية,F
بازعة,F
باسطة,F
باسقة,F
باسلة,F
بانة,F
بتول,F
بثينة,F
بدرية,F
بديعة,F
براء,F
بسمة,F
بسيمة,F
بشاير,F
بشرى,F
بشيرة,F
بلقيس,F
بليغة,F
بهيجة,F
بهيسة,F
بيان,F
تارا,F
تالا,F
تانيا,F
تغاني,F
تمارة,F
تماضر,F
تماني,F
تهاني,F
تودد,F
توليب,F
تولين,F
تيسير,F
تيماء,F
ثراء,F
ثناء,F
ثوبة,F
ثويبة,F
جبرة,F
جبلة,F
جمانة,F
جميلة,F
جنا,F
جنى,F
جوان,F
جواهر,F
جود,F
جوري,F
جوهرة,F
جوى,F
جويرية,F
جيداء,F
جيهان,F
حسناء,F
حسنية,F
حصة,F
حفصة,F
حكمت,F
حليمة,F
حنان,F
حنيفة,F
حور,F
حوراء,F
حورية,F
حياة,F
خاتمة,F
خالدة,F
خديجة,F
خزامى,F
خزنة,F
خزينة,F
خلود,F
خولة,F
دارين,F
داليا,F
دانا,F
دانة,F
دانيا,F
دانية,F
دعجاء,F
دلال,F
دنيا,F
ديم,F
ديما,F
ديمة,F
دينا,F
ذبيانة,F
ذكية,F
رابعة,F
راتبة,F
راجحة,F
راحيل,F
راسخة,F
راغبة,F
رافقة,F
رافية,F
راقية,F
راما,F
رامة,F
رانيا,F
ربى,F
رجاء,F
رجيحة,F
رحاب,F
رحمة,F
رحيق,F
رخاء,F
ردينة,F
رزان,F
رزينة,F
رسمية,F
رسيل,F
رسيمة,F
رشا,F
رشيقة,F
رصينة,F
رضا,F
رضوة,F
رضوى,F
رغد,F
رفعة,F
رفيدة,F
رفيعة,F
رفيف,F
رقية,F
رمزية,F
رنا,F
رند,F
رنيم,F
رهام,F
رهف,F
رهيفة,F
رواء,F
روابي,F
روان,F
روز,F
روضة,F
رولا,F
رؤى,F
ريا,F
ريتا,F
ريتاج,F
ريتال,F
ريحانة,F
ريفان,F
ريم,F
ريما,F
ريماس,F
ريمة,F
ريناد,F
ريهام,F
ريوف,F
زاهية,F
زبيدة,F
زكية,F
زهراء,F
زهرة,F
زهور,F
زهية,F
زينب,F
زينة,F
سؤدد,F
سارا,F
سارة,F
سالي,F
سامية,F
ساندرا,F
ساهدة,F
ساهرة,F
سبيعة,F
سجى,F
سحر,F
سدر,F
سدن,F
سديم,F
سدين,F
سعاد,F
سعدة,F
سعيدة,F
سفيانة,F
سكينة,F
سلامة,F
سلطانة,F
سلمى,F
سلوى,F
سمة,F
سمر,F
سمراء,F
سمية,F
سميحة,F
سميرة,F
سناء,F
سندس,F
سها,F
سهاد,F
سهام,F
سهيلة,F
سونيا,F
سيرين,F
سيلين,F
شادن,F
شاكرة,F
شاهدة,F
شاهرة,F
شجن,F
شجون,F
شذى,F
شروق,F
شريفة,F
شكرية,F
شموخ,F
شهد,F
شهلاء,F
شوق,F
شيلاء,F
شيماء,F
شيهانة,F
صائنة,F
صابرة,F
صبا,F
صفا,F
صفاء,F
صفية,F
صمود,F
ضياء,F
طامحة,F
طريفة,F
طيب,F
طيف,F
ظافرة,F
ظبية,F
عايدة,F
عائدة,F
عائذة,F
عائشة,F
عابدة,F
عاتكة,F
عاطفة,F
عالية,F
عبادة,F
عبلة,F
عبير,F
عذاري,F
عذبة,F
عزة,F
عزيزة,F
عفاف,F
علياء,F
عنود,F
عهد,F
عهود,F
عيدة,F
غادة,F
غرام,F
غريبة,F
غزل,F
غزيل,F
غصون,F
غلا,F
غناء,F
غيثة,F
غيد,F
غيداء,F
فائقة,F
فاتن,F
فادية,F
فاطمة,F
فتحية,F
فتون,F
فتيحة,F
فجر,F
فخرية,F
فدوى,F
فرح,F
فردوس,F
فريدة,F
فصيحة,F
فكرية,F
فلوة,F
فنن,F
فهدة,F
فهيمة,F
فوزية,F
فيروز,F
قمر,F
قنوت,F
كاتيا,F
كادي,F
كاظمة,F
كاملة,F
كبرى,F
كريمة,F
كفى,F
كندة,F
كنزى,F
كوثر,F
كيان,F
لوزت,F
لولوة,F
لؤلؤة,F
لارا,F
لانا,F
لبانة,F
لبنى,F
لجين,F
لجينة,F
لذة,F
لطفية,F
لطيفة,F
لمى,F
لمياء,F
لميس,F
لهيفة,F
ليال,F
ليالي,F
ليان,F
ليلى,F
لين,F
لينا,F
ماريا,F
مارية,F
ماهة,F
ماهرة,F
مبروكة,F
متام,F
مثابة,F
مجاهدة,F
مجيبة,F
مجيدة,F
مخلصة,F
مدركة,F
مديدة,F
مرام,F
مرح,F
مرهفة,F
مروة,F
مروى,F
مريم,F
مزنة,F
مزينة,F
مساعدة,F
مسفرة,F
مسك,F
مشاعل,F
مصلحة,F
مضاوي,F
مطاعة,F
مطيعة,F
معصومة,F
معطية,F
معينة,F
مغيثة,F
مقبلة,F
ملهمة,F
ممدوحة,F
منار,F
مناصف,F
منال,F
مناير,F
منتهى,F
منذرة,F
منصفة,F
منى,F
منيبة,F
منيرة,F
مها,F
مهرة,F
مهيبة,F
موزة,F
موهبة,F
مي,F
ميا,F
ميادة,F
ميار,F
ميثاء,F
ميرا,F
ميس,F
ميساء,F
ميسون,F
ميمونة,F
ناجحة,F
ناجدة,F
نادية,F
نادين,F
ناشئة,F
ناصحة,F
ناهد,F
ناهية,F
نبيلة,F
نبيهة,F
نجد,F
نجلاء,F
نجوانة,F
نجود,F
نجيبة,F
نجيحة,F
نداء,F
ندى,F
نرجس,F
نزيهة,F
نسرين,F
نسيم,F
نشوة,F
نشوى,F
نصر,F
نضال,F
نظيرة,F
نعمة,F
نعيم,F
نهاد,F
نهال,F
نهلة,F
نهى,F
نوار,F
نوال,F
نور,F
نورا,F
نورة,F
نورس,F
نورهان,F
نوف,F
هائلة,F
هاجر,F
هالة,F
هانئة,F
هبة,F
هدى,F
هدير,F
هديل,F
هناء,F
هنادي,F
هند,F
هنوف,F
هوازن,F
هيام,F
هيفاء,F
وتين,F
وجدان,F
ود,F
وديعة,F
ورد,F
وردة,F
وسام,F
وسن,F
وسيمة,F
وضحى,F
وعد,F
وفاء,F
وفيقة,F
ولاء,F
ولهانة,F
وليفة,F
وميض,F
وهبة,F
يارا,F
ياسمين,F
يسرا,F
يسرى,F
يمن,F
يمنى,F
ابراهيم,M
اسلم,M
البراء,M
الحبيب,M
الخضر,M
العابدين,M
المثنى,M
آدم,M
أبان,M
أبلج,M
أبو بكر,M
أجاويد,M
أجيد,M
أحمد,M
أحنف,M
أخزم,M
أخضر,M
أخطب,M
أدعج,M
أدغم,M
أدهم,M
أديب,M
أرغد,M
أرقم,M
أريب,M
أزهر,M
أزور,M
أسامة,M
أسد,M
أسعد,M
أسلم,M
أسمر,M
أشجع,M
أشرف,M
أشرم,M
أشقر,M
أشهب,M
أشهم,M
أشيم,M
أصيل,M
أعسر,M
أغلب,M
أغيد,M
أكبر,M
أكثم,M
أكرم,M
أكمل,M
أمان,M
أمجد,M
أمية,M
أمير,M
أمين,M
أنس,M
أنعم,M
أنمار,M
أنور,M
أهيم,M
أوس,M
أويس,M
أيسر,M
أيمن,M
أيهم,M
أيوب,M
إبراهيم,M
إحسان,M
إدريس,M
إسحاق,M
إسلام,M
إسماعيل,M
إمام,M
إياد,M
إياس,M
إيهاب,M
باتل,M
بادي,M
بارح,M
بارع,M
باسط,M
باسق,M
باسل,M
باسم,M
باشق,M
باهر,M
بدر,M
بديع,M
براء,M
برد,M
برهان,M
بسام,M
بسيم,M
بشار,M
بشارة,M
بشر,M
بشير,M
بطاح,M
بطرس,M
بكار,M
بكر,M
بكري,M
بلال,M
بليغ,M
بندر,M
بهاء,M
بهجت,M
بهلول,M
بهيج,M
تائب,M
تامر,M
تركي,M
تغلب,M
تقي,M
تليد,M
تمام,M
تميم,M
تواب,M
توفيق,M
تيسير,M
تيم,M
ثائب,M
ثائر,M
ثابت,M
ثروت,M
ثنيان,M
ثواب,M
جابر,M
جازم,M
جاسم,M
جامع,M
جبر,M
جبران,M
جبل,M
جدعان,M
جراح,M
جرير,M
جساس,M
جعفر,M
جلال,M
جليل,M
جمال,M
جمعان,M
جمعة,M
جميل,M
جنادة,M
جندل,M
جهاد,M
جواد,M
جودة,M
جودت,M
حاتم,M
حارب,M
حارث,M
حازم,M
حاشد,M
حافظ,M
حامد,M
حجاب,M
حجاج,M
حجر,M
حزام,M
حزم,M
حسام,M
حسان,M
حسن,M
حسني,M
حسنين,M
حسون,M
حسين,M
حصيف,M
حفص,M
حكيم,M
حماد,M
حمد,M
حمدان,M
حمدون,M
حمزة,M
حميد,M
حنبل,M
حنشل,M
حنظلة,M
حواس,M
حيدر,M
خاتم,M
خازن,M
خالد,M
خالص,M
خباب,M
خزعل,M
خضر,M
خطاب,M
خلدون,M
خلف,M
خليفة,M
خليل,M
خليوي,M
خميس,M
خويلد,M
داني,M
داود,M
داوود,M
دحام,M
درغام,M
دريد,M
دعيج,M
دغيم,M
دهيم,M
ذاكر,M
ذباح,M
ذبيان,M
ذعار,M
ذياب,M
رأفت,M
رؤوف,M
رئيف,M
رائد,M
رائض,M
رائف,M
رابح,M
راتب,M
راجح,M
راجي,M
راسخ,M
راسم,M
راشد,M
راضي,M
راغب,M
راغد,M
رافد,M
رافع,M
رافق,M
رافي,M
راكان,M
رامز,M
رامي,M
رباح,M
ربحي,M
ربيح,M
ربيع,M
رجاء,M
رجب,M
رحال,M
رديف,M
رزق,M
رزين,M
رسمي,M
رسول,M
رسيم,M
رشاد,M
رشوان,M
رشيد,M
رشيق,M
رصين,M
رضا,M
رضوان,M
رضي,M
رعد,M
رغال,M
رغيب,M
رغيد,M
رفاعة,M
رفاعي,M
رفعت,M
رفيع,M
رفيق,M
ركان,M
ركين,M
رماح,M
رمزي,M
رمضان,M
رهيف,M
رويشد,M
رياض,M
ريان,M
زاخر,M
زاكي,M
زاهد,M
زاهر,M
زاهي,M
زايد,M
زبير,M
زغلول,M
زكريا,M
زهير,M
زياد,M
زيد,M
زيدان,M
زيدون,M
زين,M
ساجد,M
ساجر,M
ساجع,M
ساجي,M
سادن,M
سارح,M
ساري,M
ساطع,M
ساعد,M
ساعف,M
سالم,M
سامح,M
سامر,M
سامي,M
ساهد,M
ساهر,M
سبع,M
ستار,M
سحيم,M
سداد,M
سراج,M
سرمد,M
سرور,M
سطام,M
سعد,M
سعدون,M
سعود,M
سعيد,M
سفيان,M
سلام,M
سلامة,M
سلطان,M
سلمان,M
سلمة,M
سليم,M
سمعان,M
سمعون,M
سميح,M
سمير,M
سميع,M
سنان,M
سهل,M
سهيل,M
سويد,M
سيار,M
سيد,M
سيف,M
شادي,M
شافع,M
شافي,M
شاكر,M
شامخ,M
شاهد,M
شاهر,M
شبل,M
شبيب,M
شجاع,M
شداد,M
شديد,M
شريح,M
شعبان,M
شعيب,M
شفيع,M
شفيق,M
شكري,M
شكور,M
شماخ,M
شمر,M
شمس الدين,M
شهاب,M
شهم,M
شهيد,M
شوقي,M
شوكت,M
شيبان,M
شيبة,M
صائن,M
صابر,M
صادح,M
صادر,M
صارم,M
صاعد,M
صافي,M
صباح,M
صبيح,M
صدام,M
صديق,M
صفوان,M
صفوت,M
صقر,M
صلاح,M
صلاح الدين,M
صمد,M
صمصام,M
صميم,M
صهيب,M
ضاري,M
ضاهر,M
ضاوي,M
ضرار,M
ضرام,M
ضياء,M
ضيغم,M
ضيف,M
طارق,M
طامح,M
طاهر,M
طريف,M
طلال,M
طموح,M
ظافر,M
ظاهر,M
ظفار,M
ظفير,M
عايض,M
عائد,M
عائذ,M
عائض,M
عابد,M
عادل,M
عارف,M
عازم,M
عاطف,M
عاكف,M
عامر,M
عباد,M
عبادة,M
عباس,M
عبدالباسط,M
عبدالباقي,M
عبدالبصير,M
عبدالجبار,M
عبدالجليل,M
عبدالجميل,M
عبدالحفيظ,M
عبدالحق,M
عبدالحكيم,M
عبدالحليم,M
عبدالحميد,M
عبدالحي,M
عبدالخالق,M
عبدالرؤوف,M
عبدالرب,M
عبدالرحمن,M
عبدالرحيم,M
عبدالرزاق,M
عبدالرشيد,M
عبدالرقيب,M
عبدالسلام,M
عبدالشكور,M
عبدالصمد,M
عبدالظاهر,M
عبدالعزيز,M
عبدالعظيم,M
عبدالعليم,M
عبدالغفور,M
عبدالغني,M
عبدالفتاح,M
عبدالقادر,M
عبدالقدوس,M
عبدالقيوم,M
عبدالكريم,M
عبداللطيف,M
عبدالله,M
عبدالمجيد,M
عبدالمطلب,M
عبدالملك,M
عبدالمنان,M
عبدالمنعم,M
عبدالنور,M
عبدالهادي,M
عبدالواحد,M
عبدالودود,M
عبدالوهاب,M
عبدربه,M
عبده,M
عبدو,M
عبدي,M
عبودة,M
عبيد,M
عبيدة,M
عتاب,M
عتابة,M
عثمان,M
عجاج,M
عجرم,M
عدلي,M
عدنان,M
عدوان,M
عدي,M
عديل,M
عراب,M
عراد,M
عرفات,M
عرفة,M
عروة,M
عريب,M
عز,M
عزب,M
عزت,M
عزيز,M
عشير,M
عصام,M
عصمت,M
عطا,M
عطاء,M
عفان,M
عفيف,M
عقاب,M
عقال,M
عقبة,M
عقل,M
عقلة,M
عقيل,M
عكاشة,M
عكرمة,M
عكلة,M
علاء,M
علاء الدين,M
علوان,M
علي,M
عليان,M
عليم,M
عماد,M
عمار,M
عمارة,M
عمر,M
عمران,M
عمرو,M
عميد,M
عمير,M
عنبر,M
عنتر,M
عنترة,M
عواد,M
عوض,M
عوف,M
عون,M
عوني,M
عويس,M
عياش,M
عيد,M
عيسى,M
عيضة,M
غازي,M
غافر,M
غالب,M
غالي,M
غانم,M
غريب,M
غزوان,M
غسان,M
غضنفر,M
غفار,M
غلاب,M
غلام,M
غنيم,M
غوار,M
غوث,M
غياث,M
غيث,M
فؤاد,M
فائز,M
فائق,M
فاتح,M
فاخر,M
فادي,M
فارس,M
فارض,M
فارع,M
فاروق,M
فاضل,M
فالح,M
فتاح,M
فتح,M
فتحي,M
فتوح,M
فتيح,M
فخر,M
فخري,M
فراج,M
فراس,M
فرج,M
فرحات,M
فرحان,M
فرناس,M
فريج,M
فريد,M
فضل,M
فضيل,M
فطين,M
فكري,M
فلوح,M
فليح,M
فهد,M
فهمي,M
فهيد,M
فهيم,M
فواز,M
فوزي,M
فياض,M
فيصل,M
فيض,M
فيضي,M
قائد,M
قابس,M
قابوس,M
قادر,M
قاسم,M
قاهر,M
قتادة,M
قتيبة,M
قثم,M
قداح,M
قدامة,M
قدري,M
قسام,M
قسيم,M
قصي,M
قطامي,M
قطب,M
قعقاع,M
قيس,M
كاسب,M
كاسر,M
كاظم,M
كامل,M
كرم,M
كريم,M
كعب,M
كلاب,M
كليب,M
كليم,M
كمال,M
كميت,M
كنان,M
كنعان,M
كهلان,M
لؤي,M
لباب,M
لبيب,M
لبيد,M
لطفي,M
لطيف,M
لقمان,M
لماح,M
لمعي,M
ليث,M
مأمون,M
مؤيد,M
ماجد,M
مارسيل,M
مازن,M
ماضي,M
مالك,M
ماهر,M
مبارك,M
مبخوت,M
مبرور,M
مبروك,M
متعب,M
مثاب,M
مجاهد,M
مجاور,M
مجتبى,M
مجدي,M
مجيب,M
مجيد,M
مجير,M
محبوب,M
محجن,M
محرز,M
محرم,M
محسن,M
محمد,M
محمود,M
محيا,M
مخلد,M
مخلص,M
مخلف,M
مدثر,M
مدحة,M
مدحت,M
مدرك,M
مدلج,M
مديد,M
مراد,M
مرتجى,M
مرتضى,M
مرحب,M
مرداس,M
مرزوق,M
مرسي,M
مرشد,M
مرشدي,M
مروان,M
مزاحم,M
مزن,M
مزهر,M
مساعد,M
مستور,M
مسعود,M
مسفر,M
مسلم,M
مسلمة,M
مسيب,M
مشاري,M
مشتاق,M
مشرف,M
مشعل,M
مصباح,M
مصطفى,M
مصعب,M
مصلح,M
مضر,M
مطاع,M
مطاوع,M
مطر,M
مطلب,M
مطلق,M
مطير,M
مطيع,M
مظفر,M
مظهر,M
معاد,M
معاذ,M
معاوية,M
معتصم,M
معتضد,M
معتوق,M
معد,M
معروف,M
معصوم,M
معطي,M
معلوف,M
معمر,M
معن,M
معين,M
معين الدين,M
مغوار,M
مغيث,M
مغيرة,M
مفتاح,M
مقبل,M
مقتدي,M
مقرن,M
مكتوم,M
مكين,M
ملحم,M
ملهم,M
ممدوح,M
مناحي,M
مناع,M
مناف,M
منان,M
منتصر,M
منتظر,M
منذر,M
منصف,M
منصور,M
منعم,M
منقذ,M
منهل,M
منيب,M
منير,M
منيع,M
مهاب,M
مهدي,M
مهند,M
مهيب,M
مهيوب,M
موفق,M
ميثم,M
ميلاد,M
ميمون,M
نائل,M
ناجي,M
نادر,M
ناشئ,M
ناشد,M
ناشر,M
ناصح,M
ناصر,M
ناصر الدين,M
ناصف,M
ناصيف,M
ناظم,M
نافع,M
نامي,M
ناهض,M
ناهل,M
ناهي,M
نايف,M
نبال,M
نبيل,M
نبيه,M
نجاد,M
نجدة,M
نجدت,M
نجم,M
نجم الدين,M
نجيب,M
نديم,M
نذير,M
نزار,M
نزيه,M
نسيب,M
نسيم,M
نشأت,M
نشمي,M
نصار,M
نصر,M
نصرة,M
نصرت,M
نصوح,M
نصير,M
نصيف,M
نضال,M
نضير,M
نظمي,M
نظير,M
نعمان,M
نعمت,M
نعيم,M
نمر,M
نهيان,M
نوار,M
نواس,M
نواف,M
نوح,M
نورس,M
نوري,M
نوفل,M
هائل,M
هاجد,M
هادي,M
هاشم,M
هاني,M
هانئ,M
هبيرة,M
هجرس,M
هريرة,M
هزاع,M
هشام,M
هلال,M
همام,M
هواري,M
هود,M
هيثم,M
وائل,M
وارف,M
وديع,M
ورد,M
وسام,M
وسيم,M
وفيق,M
ولاء الدين,M
وليد,M
وليف,M
وهاب,M
وهب,M
وهبة,M
ياسر,M
يحيى,M
يزيد,M
يعقوب,M